Series,ADF Stat,ADF p-val,KPSS Stat,KPSS p-val
VIX_t (level),-7.009378684427093,6.985753873219812e-10,0.5580089340971599,0.028601591419558575
"ΔVIX_t,1",-72.23848684328834,0.0,0.009710357288828048,0.1
"ΔVIX_t,5",-12.955655031752913,3.3053681419168374e-24,0.00793476653627404,0.1
RV_d (GK),-9.377802453668396,7.089539883583784e-16,0.3121895273612797,0.1
VRP_t,-12.526249193103185,2.4849722288565626e-23,0.6780110031072576,0.01554445426297658
