Feature,VIF
RV_d,3.377138603885306
RV_w,7.352076420524549
RV_m,4.801361206000966
VRP,1.942710579439883
slope,2.110579695117985
curv,1.23089046265548
dy10,1.0413815043563472
MOVE,1.4295380759107865
spread,1.4235709729542962
r_lag1,1.3197688310919222
r_lag5,1.929484799536823
